epoch,time,train/box_loss,train/cls_loss,train/dfl_loss,metrics/precision(B),metrics/recall(B),metrics/mAP50(B),metrics/mAP50-95(B),val/box_loss,val/cls_loss,val/dfl_loss,lr/pg0,lr/pg1,lr/pg2
1,1.90245,0.82959,2.85335,1.01698,0.01008,1,0.65494,0.55379,0.55336,2.77351,0.77792,0.00024293,0.00024293,0.00024293
2,3.29097,0.62884,1.2506,0.91734,0.01029,1,0.81342,0.7065,0.52463,2.62788,0.79156,0.000498216,0.000498216,0.000498216
3,4.60895,0.5916,0.83624,0.92437,0.71109,0.69167,0.86013,0.76226,0.52283,2.496,0.80766,0.000751512,0.000751512,0.000751512
4,5.88403,0.56285,0.77576,0.91212,1,0.4728,0.995,0.88952,0.49759,1.98253,0.84556,0.00100282,0.00100282,0.00100282
5,7.14276,0.56808,0.72196,0.91365,0.9871,1,0.995,0.86756,0.53349,1.17778,0.86221,0.00125214,0.00125214,0.00125214
6,8.41966,0.53433,0.65831,0.90217,0.99323,1,0.995,0.89341,0.486,0.68261,0.83606,0.00140137,0.00140137,0.00140137
7,9.6709,0.53842,0.64892,0.89207,0.99475,0.99891,0.995,0.90544,0.44266,0.60866,0.8447,0.00139584,0.00139584,0.00139584
8,10.9244,0.51852,0.62381,0.90306,0.99708,0.99765,0.995,0.90091,0.43755,0.52711,0.85063,0.00139032,0.00139032,0.00139032
9,12.1509,0.50088,0.59852,0.89271,0.99676,1,0.995,0.90778,0.42903,0.48527,0.84119,0.00138479,0.00138479,0.00138479
10,13.4018,0.50325,0.58039,0.8919,0.99434,1,0.995,0.9047,0.45969,0.48979,0.84437,0.00137926,0.00137926,0.00137926
11,14.7398,0.51067,0.57916,0.89949,0.99712,1,0.995,0.91424,0.43292,0.43979,0.84993,0.00137374,0.00137374,0.00137374
12,15.997,0.48782,0.53961,0.90023,0.99605,1,0.995,0.9002,0.45104,0.42708,0.86326,0.00136821,0.00136821,0.00136821
13,17.2406,0.51395,0.53673,0.90238,0.99793,1,0.995,0.91614,0.43695,0.41297,0.85243,0.00136269,0.00136269,0.00136269
14,18.4985,0.48256,0.5048,0.89025,0.99801,1,0.995,0.93228,0.39917,0.40688,0.84468,0.00135716,0.00135716,0.00135716
15,19.7623,0.44833,0.47031,0.87896,0.99718,1,0.995,0.93176,0.37859,0.3703,0.83467,0.00135163,0.00135163,0.00135163
16,21.0746,0.43902,0.47154,0.87771,0.99797,1,0.995,0.93679,0.39217,0.38047,0.84641,0.00134611,0.00134611,0.00134611
17,22.3369,0.44896,0.46119,0.87956,0.99023,1,0.995,0.92866,0.39714,0.37878,0.85052,0.00134058,0.00134058,0.00134058
18,23.5901,0.46229,0.4549,0.88717,0.99849,1,0.995,0.90711,0.44703,0.35262,0.84983,0.00133505,0.00133505,0.00133505
19,24.8291,0.46221,0.45326,0.88015,0.99752,1,0.995,0.92285,0.38277,0.32259,0.83883,0.00132953,0.00132953,0.00132953
20,26.072,0.45678,0.43998,0.88743,0.99846,1,0.995,0.93218,0.40401,0.30237,0.84006,0.001324,0.001324,0.001324
21,27.4303,0.46068,0.43045,0.89197,0.99756,1,0.995,0.92182,0.40501,0.33,0.83337,0.00131848,0.00131848,0.00131848
22,28.6725,0.43332,0.41395,0.87608,0.9974,1,0.995,0.92318,0.41271,0.31352,0.85003,0.00131295,0.00131295,0.00131295
23,29.9044,0.42966,0.39606,0.87035,0.99843,1,0.995,0.93402,0.38713,0.31644,0.8472,0.00130742,0.00130742,0.00130742
24,31.137,0.43312,0.38429,0.881,0.99864,1,0.995,0.94481,0.36826,0.2751,0.84402,0.0013019,0.0013019,0.0013019
25,32.3686,0.42161,0.38296,0.8729,0.99843,1,0.995,0.93384,0.36117,0.27342,0.83713,0.00129637,0.00129637,0.00129637
26,33.7314,0.44463,0.385,0.87762,0.9982,1,0.995,0.93776,0.37274,0.27847,0.83968,0.00129084,0.00129084,0.00129084
27,35.0203,0.44791,0.38793,0.88676,0.99799,1,0.995,0.93361,0.37843,0.29162,0.83451,0.00128532,0.00128532,0.00128532
28,36.2714,0.44931,0.38195,0.88255,0.9983,1,0.995,0.9471,0.36284,0.26313,0.83237,0.00127979,0.00127979,0.00127979
29,37.5063,0.40947,0.35838,0.8714,0.9978,1,0.995,0.93139,0.39188,0.25603,0.84513,0.00127427,0.00127427,0.00127427
30,38.7398,0.44876,0.37478,0.89128,0.99863,1,0.995,0.93637,0.38348,0.26511,0.83776,0.00126874,0.00126874,0.00126874
31,40.0852,0.44208,0.35864,0.88755,0.99674,1,0.995,0.94189,0.35755,0.27102,0.82842,0.00126321,0.00126321,0.00126321
32,41.3408,0.4299,0.34708,0.8797,0.998,1,0.995,0.94057,0.33897,0.23871,0.82802,0.00125769,0.00125769,0.00125769
33,42.5605,0.42753,0.34639,0.88307,0.99841,1,0.995,0.94514,0.36561,0.27062,0.8411,0.00125216,0.00125216,0.00125216
34,43.8144,0.43127,0.3476,0.87784,0.99811,1,0.995,0.95239,0.36872,0.26307,0.8302,0.00124664,0.00124664,0.00124664
35,45.0477,0.41858,0.33275,0.8732,0.99799,1,0.995,0.93904,0.35937,0.24919,0.83261,0.00124111,0.00124111,0.00124111
36,46.2819,0.4084,0.33416,0.86467,0.99819,1,0.995,0.94912,0.33457,0.22858,0.82644,0.00123558,0.00123558,0.00123558
37,47.5166,0.40246,0.32699,0.87605,0.99725,1,0.995,0.93472,0.36031,0.25096,0.83144,0.00123006,0.00123006,0.00123006
38,48.8284,0.39762,0.32142,0.86449,0.99777,1,0.995,0.94227,0.35411,0.23986,0.83474,0.00122453,0.00122453,0.00122453
39,50.0499,0.40429,0.3243,0.87034,0.99763,1,0.995,0.94031,0.37357,0.26264,0.8371,0.001219,0.001219,0.001219
40,51.3361,0.4099,0.32404,0.87527,0.99704,1,0.995,0.93231,0.35338,0.2458,0.83248,0.00121348,0.00121348,0.00121348
41,52.5704,0.40734,0.31622,0.87707,0.99711,1,0.995,0.95083,0.33674,0.23845,0.83299,0.00120795,0.00120795,0.00120795
42,53.9311,0.40389,0.31941,0.87241,0.99816,1,0.995,0.94579,0.3514,0.25937,0.83073,0.00120243,0.00120243,0.00120243
43,55.1652,0.40073,0.31705,0.86357,0.99767,1,0.995,0.94872,0.33354,0.26193,0.82816,0.0011969,0.0011969,0.0011969
44,56.4186,0.40374,0.31502,0.87385,0.99817,1,0.995,0.94515,0.34102,0.24948,0.82311,0.00119137,0.00119137,0.00119137
45,57.6537,0.41579,0.31829,0.88076,0.99791,1,0.995,0.94846,0.34395,0.24582,0.82829,0.00118585,0.00118585,0.00118585
46,58.8946,0.39202,0.31122,0.86222,0.9979,1,0.995,0.93421,0.38121,0.27322,0.8474,0.00118032,0.00118032,0.00118032
47,60.2684,0.38831,0.30905,0.86201,0.99827,1,0.995,0.94605,0.34933,0.24829,0.83881,0.00117479,0.00117479,0.00117479
48,61.5482,0.392,0.30341,0.87218,0.99803,1,0.995,0.94745,0.32401,0.22667,0.8325,0.00116927,0.00116927,0.00116927
49,62.8026,0.3787,0.29977,0.86012,0.99811,1,0.995,0.94674,0.33388,0.22585,0.83615,0.00116374,0.00116374,0.00116374
50,64.1558,0.37856,0.2908,0.87434,0.99808,1,0.995,0.95323,0.32467,0.21694,0.8287,0.00115822,0.00115822,0.00115822
51,65.3824,0.38556,0.29503,0.86983,0.99808,1,0.995,0.94212,0.34468,0.21953,0.82768,0.00115269,0.00115269,0.00115269
52,66.6161,0.36206,0.27854,0.86631,0.99828,1,0.995,0.94626,0.32186,0.21446,0.83144,0.00114716,0.00114716,0.00114716
53,67.8462,0.37969,0.29055,0.86761,0.99809,1,0.995,0.94761,0.32931,0.21536,0.83249,0.00114164,0.00114164,0.00114164
54,69.0815,0.37975,0.28983,0.86193,0.99742,1,0.995,0.94783,0.32842,0.2157,0.82922,0.00113611,0.00113611,0.00113611
55,70.4157,0.37297,0.28008,0.87012,0.99814,1,0.995,0.95249,0.33014,0.22444,0.83876,0.00113058,0.00113058,0.00113058
56,71.6868,0.37804,0.28453,0.86846,0.99803,1,0.995,0.95155,0.31266,0.21304,0.82287,0.00112506,0.00112506,0.00112506
57,72.9218,0.36672,0.28325,0.86025,0.99777,1,0.995,0.95846,0.29952,0.19957,0.81927,0.00111953,0.00111953,0.00111953
58,74.2442,0.3917,0.28972,0.8674,0.99855,1,0.995,0.9446,0.34312,0.22673,0.83427,0.00111401,0.00111401,0.00111401
59,75.5792,0.37851,0.28136,0.86351,0.99758,1,0.995,0.94871,0.32714,0.21735,0.82511,0.00110848,0.00110848,0.00110848
60,76.8228,0.38741,0.28374,0.87381,0.99804,1,0.995,0.94488,0.33763,0.22358,0.82938,0.00110295,0.00110295,0.00110295
61,78.043,0.37472,0.28069,0.85827,0.99805,1,0.995,0.95326,0.31683,0.21635,0.82355,0.00109743,0.00109743,0.00109743
62,79.2848,0.37373,0.27415,0.85552,0.99807,1,0.995,0.95156,0.3196,0.21,0.82391,0.0010919,0.0010919,0.0010919
63,80.5118,0.37324,0.2776,0.86691,0.99823,1,0.995,0.95318,0.30718,0.20969,0.82812,0.00108637,0.00108637,0.00108637
64,81.7453,0.36925,0.27183,0.86079,0.99808,1,0.995,0.94828,0.31565,0.21109,0.82907,0.00108085,0.00108085,0.00108085
65,82.9683,0.35999,0.26814,0.85765,0.99845,1,0.995,0.95195,0.31064,0.20154,0.82536,0.00107532,0.00107532,0.00107532
66,84.256,0.36942,0.26594,0.85861,0.99822,1,0.995,0.95263,0.31602,0.20058,0.82681,0.0010698,0.0010698,0.0010698
67,85.6217,0.36006,0.26153,0.86779,0.99827,1,0.995,0.95393,0.32287,0.20108,0.83119,0.00106427,0.00106427,0.00106427
68,86.8701,0.39263,0.27071,0.87353,0.99833,1,0.995,0.94151,0.34717,0.21764,0.84717,0.00105874,0.00105874,0.00105874
69,88.1946,0.38683,0.27738,0.8673,0.99796,1,0.995,0.95516,0.32166,0.20901,0.82734,0.00105322,0.00105322,0.00105322
70,89.4454,0.37019,0.26863,0.85982,0.99783,1,0.995,0.93935,0.3728,0.21396,0.84125,0.00104769,0.00104769,0.00104769
71,90.824,0.37381,0.26522,0.86458,0.99801,1,0.995,0.9522,0.31238,0.20787,0.82474,0.00104217,0.00104217,0.00104217
72,92.1025,0.37139,0.26718,0.86131,0.99855,1,0.995,0.95012,0.3341,0.20192,0.8334,0.00103664,0.00103664,0.00103664
73,93.3707,0.37036,0.26404,0.8595,0.99829,1,0.995,0.95472,0.33319,0.19501,0.83256,0.00103111,0.00103111,0.00103111
74,94.6311,0.38191,0.26454,0.86953,0.99776,1,0.995,0.95143,0.33972,0.20631,0.83942,0.00102559,0.00102559,0.00102559
75,95.8885,0.35759,0.25831,0.86201,0.99802,1,0.995,0.95708,0.32689,0.213,0.83609,0.00102006,0.00102006,0.00102006
76,97.1478,0.36514,0.26578,0.86588,0.99731,1,0.995,0.95606,0.32623,0.21249,0.82995,0.00101453,0.00101453,0.00101453
77,98.4017,0.34711,0.25496,0.85635,0.99795,1,0.995,0.95934,0.3134,0.20583,0.8249,0.00100901,0.00100901,0.00100901
78,99.7837,0.37463,0.25461,0.86327,0.99843,1,0.995,0.94952,0.3187,0.2053,0.82383,0.00100348,0.00100348,0.00100348
79,101.061,0.34861,0.25277,0.85995,0.99832,1,0.995,0.94738,0.34164,0.20552,0.83276,0.000997956,0.000997956,0.000997956
80,102.311,0.3792,0.26735,0.87083,0.99835,1,0.995,0.94942,0.32837,0.20047,0.82924,0.000992429,0.000992429,0.000992429
81,103.551,0.35044,0.25367,0.86296,0.99828,1,0.995,0.95466,0.3241,0.20381,0.83427,0.000986903,0.000986903,0.000986903
82,104.806,0.35419,0.25626,0.86017,0.99717,1,0.995,0.95484,0.31202,0.21518,0.83018,0.000981377,0.000981377,0.000981377
83,106.039,0.35993,0.2559,0.86123,0.99808,1,0.995,0.95006,0.33156,0.20859,0.83299,0.000975851,0.000975851,0.000975851
84,107.309,0.36168,0.2566,0.85757,0.99797,1,0.995,0.95423,0.32929,0.1975,0.83641,0.000970324,0.000970324,0.000970324
85,108.56,0.35233,0.25297,0.8631,0.99784,1,0.995,0.956,0.33322,0.20557,0.83458,0.000964798,0.000964798,0.000964798
86,109.811,0.35335,0.25272,0.86741,0.99797,1,0.995,0.94869,0.35179,0.21574,0.8463,0.000959272,0.000959272,0.000959272
87,111.049,0.35009,0.2504,0.85361,0.99816,1,0.995,0.94432,0.34607,0.20404,0.8324,0.000953746,0.000953746,0.000953746
88,112.416,0.348,0.24771,0.85503,0.99845,1,0.995,0.93869,0.35524,0.21244,0.8411,0.00094822,0.00094822,0.00094822
89,113.663,0.35185,0.25155,0.86519,0.99822,1,0.995,0.96154,0.31298,0.20039,0.82654,0.000942693,0.000942693,0.000942693
90,114.933,0.34129,0.24712,0.85169,0.99808,1,0.995,0.95418,0.33513,0.20583,0.82747,0.000937167,0.000937167,0.000937167
91,116.178,0.33971,0.24859,0.85016,0.99844,1,0.995,0.95376,0.32445,0.19349,0.8256,0.000931641,0.000931641,0.000931641
92,117.438,0.35341,0.24772,0.85504,0.99795,1,0.995,0.94727,0.34248,0.20055,0.83252,0.000926115,0.000926115,0.000926115
93,118.693,0.34541,0.24926,0.85926,0.9985,1,0.995,0.9547,0.3311,0.20111,0.826,0.000920589,0.000920589,0.000920589
94,119.954,0.34362,0.24111,0.86102,0.99807,1,0.995,0.95479,0.30324,0.19924,0.82251,0.000915062,0.000915062,0.000915062
95,121.188,0.33957,0.24378,0.85453,0.99828,1,0.995,0.9598,0.3033,0.1889,0.82461,0.000909536,0.000909536,0.000909536
96,122.447,0.34747,0.23921,0.86025,0.99781,1,0.995,0.95387,0.33482,0.19201,0.8328,0.00090401,0.00090401,0.00090401
97,123.704,0.34336,0.24264,0.86429,0.99797,1,0.995,0.96091,0.31084,0.18704,0.82639,0.000898484,0.000898484,0.000898484
98,124.959,0.35283,0.24857,0.8626,0.99828,1,0.995,0.95461,0.32599,0.198,0.82887,0.000892958,0.000892958,0.000892958
99,126.308,0.35672,0.24691,0.85795,0.99826,1,0.995,0.95767,0.29593,0.18686,0.82177,0.000887431,0.000887431,0.000887431
100,127.585,0.33925,0.23569,0.85882,0.99817,1,0.995,0.95072,0.3334,0.19096,0.83142,0.000881905,0.000881905,0.000881905
101,128.827,0.35514,0.24273,0.86372,0.99816,1,0.995,0.95629,0.30582,0.19007,0.82365,0.000876379,0.000876379,0.000876379
102,130.117,0.3501,0.23716,0.86037,0.99835,1,0.995,0.95609,0.30732,0.18472,0.82083,0.000870853,0.000870853,0.000870853
103,131.466,0.3543,0.23911,0.86184,0.99808,1,0.995,0.94984,0.30169,0.1824,0.82794,0.000865326,0.000865326,0.000865326
104,132.727,0.34384,0.23305,0.85957,0.99819,1,0.995,0.95588,0.31706,0.19955,0.82673,0.0008598,0.0008598,0.0008598
105,133.981,0.33459,0.23461,0.85652,0.99783,1,0.995,0.95827,0.29404,0.17935,0.81752,0.000854274,0.000854274,0.000854274
106,135.27,0.3307,0.23392,0.85226,0.99825,1,0.995,0.95889,0.30533,0.17932,0.82536,0.000848748,0.000848748,0.000848748
107,136.521,0.32325,0.23017,0.85135,0.99852,1,0.995,0.95445,0.31712,0.19037,0.83485,0.000843222,0.000843222,0.000843222
108,137.887,0.32704,0.22947,0.85883,0.99853,1,0.995,0.95313,0.29821,0.17914,0.82813,0.000837695,0.000837695,0.000837695
109,139.14,0.33229,0.22991,0.85193,0.9982,1,0.995,0.95667,0.31207,0.18892,0.82087,0.000832169,0.000832169,0.000832169
110,140.401,0.32857,0.23401,0.85309,0.99857,1,0.995,0.95903,0.29405,0.17978,0.82509,0.000826643,0.000826643,0.000826643
111,141.663,0.34482,0.23282,0.8636,0.99783,1,0.995,0.95085,0.31011,0.17857,0.82713,0.000821117,0.000821117,0.000821117
112,142.918,0.34087,0.22953,0.85889,0.99846,1,0.995,0.96125,0.29462,0.17244,0.82111,0.000815591,0.000815591,0.000815591
113,144.191,0.33812,0.22893,0.85871,0.99811,1,0.995,0.95777,0.30226,0.19346,0.82496,0.000810064,0.000810064,0.000810064
114,145.496,0.3299,0.22854,0.84877,0.99849,1,0.995,0.96259,0.29643,0.18504,0.82532,0.000804538,0.000804538,0.000804538
115,146.747,0.32492,0.23088,0.85011,0.99815,1,0.995,0.96063,0.28997,0.18507,0.81998,0.000799012,0.000799012,0.000799012
116,148.003,0.32953,0.22709,0.8549,0.9978,1,0.995,0.96036,0.29212,0.17706,0.81669,0.000793486,0.000793486,0.000793486
117,149.264,0.32778,0.23165,0.85089,0.99828,1,0.995,0.95921,0.28901,0.19199,0.8152,0.00078796,0.00078796,0.00078796
118,150.626,0.33275,0.22691,0.85996,0.99817,1,0.995,0.96065,0.30593,0.18973,0.82331,0.000782433,0.000782433,0.000782433
119,151.886,0.31533,0.22332,0.84989,0.99796,1,0.995,0.95729,0.29384,0.17632,0.82821,0.000776907,0.000776907,0.000776907
120,153.128,0.30892,0.21956,0.84203,0.99854,1,0.995,0.95667,0.30485,0.18535,0.82698,0.000771381,0.000771381,0.000771381
121,154.356,0.31099,0.22288,0.84397,0.99754,1,0.995,0.95956,0.29252,0.1719,0.81943,0.000765855,0.000765855,0.000765855
122,155.601,0.29793,0.21592,0.8367,0.99796,1,0.995,0.95649,0.30419,0.18325,0.82835,0.000760328,0.000760328,0.000760328
123,156.841,0.31283,0.22555,0.85247,0.99858,1,0.995,0.96312,0.28959,0.18009,0.8193,0.000754802,0.000754802,0.000754802
124,158.09,0.32358,0.22439,0.84994,0.99877,1,0.995,0.96495,0.29087,0.17294,0.82028,0.000749276,0.000749276,0.000749276
125,159.328,0.32398,0.21666,0.85704,0.99843,1,0.995,0.95783,0.29584,0.16657,0.82464,0.00074375,0.00074375,0.00074375
126,160.565,0.32252,0.21717,0.85097,0.99808,1,0.995,0.95438,0.30758,0.16983,0.83145,0.000738224,0.000738224,0.000738224
127,161.793,0.32143,0.21823,0.85525,0.99829,1,0.995,0.95642,0.32101,0.16772,0.82956,0.000732697,0.000732697,0.000732697
128,163.141,0.32614,0.21917,0.86145,0.99815,1,0.995,0.9502,0.30867,0.16515,0.83091,0.000727171,0.000727171,0.000727171
129,164.377,0.32669,0.22215,0.85869,0.99769,1,0.995,0.95392,0.31628,0.17551,0.83087,0.000721645,0.000721645,0.000721645
130,165.629,0.31209,0.2191,0.85044,0.99819,1,0.995,0.95667,0.30647,0.17306,0.82468,0.000716119,0.000716119,0.000716119
131,166.859,0.32159,0.21796,0.85303,0.99401,0.99927,0.995,0.95587,0.32359,0.187,0.83011,0.000710593,0.000710593,0.000710593
132,168.11,0.32809,0.2229,0.85179,0.99836,1,0.995,0.9504,0.34217,0.17817,0.83314,0.000705066,0.000705066,0.000705066
133,169.357,0.32813,0.21731,0.85833,0.99808,1,0.995,0.95087,0.32076,0.18392,0.8329,0.00069954,0.00069954,0.00069954
134,170.607,0.3174,0.21975,0.84959,0.99814,1,0.995,0.95945,0.29274,0.17238,0.82428,0.000694014,0.000694014,0.000694014
135,171.85,0.31347,0.21497,0.84446,0.99826,1,0.995,0.95994,0.28822,0.16593,0.82377,0.000688488,0.000688488,0.000688488
136,173.126,0.30288,0.20838,0.83548,0.99849,1,0.995,0.96244,0.27695,0.15666,0.81493,0.000682962,0.000682962,0.000682962
137,174.38,0.31671,0.2135,0.84471,0.99848,1,0.995,0.96421,0.29559,0.1679,0.82019,0.000677435,0.000677435,0.000677435
138,175.684,0.32292,0.21592,0.8509,0.99818,1,0.995,0.96337,0.28788,0.16258,0.81619,0.000671909,0.000671909,0.000671909
139,177.098,0.29502,0.2059,0.83959,0.99834,1,0.995,0.96212,0.27743,0.1648,0.8182,0.000666383,0.000666383,0.000666383
140,178.363,0.31358,0.21469,0.84729,0.99818,1,0.995,0.96192,0.28605,0.16819,0.8221,0.000660857,0.000660857,0.000660857
141,179.625,0.3181,0.21606,0.84793,0.99824,1,0.995,0.96086,0.29495,0.17599,0.82133,0.00065533,0.00065533,0.00065533
142,180.9,0.32298,0.21876,0.84762,0.9981,1,0.995,0.96233,0.28525,0.17452,0.81715,0.000649804,0.000649804,0.000649804
143,182.156,0.30867,0.21,0.84312,0.99789,1,0.995,0.95851,0.31058,0.17023,0.82535,0.000644278,0.000644278,0.000644278
144,183.411,0.31835,0.21569,0.84936,0.99782,1,0.995,0.96247,0.30315,0.17333,0.82398,0.000638752,0.000638752,0.000638752
145,184.678,0.29975,0.2096,0.84601,0.99784,1,0.995,0.96507,0.29269,0.16794,0.82086,0.000633226,0.000633226,0.000633226
146,185.927,0.31121,0.20908,0.84592,0.99861,1,0.995,0.96282,0.29343,0.16042,0.82512,0.000627699,0.000627699,0.000627699
147,187.209,0.30386,0.21288,0.85238,0.99889,1,0.995,0.96108,0.3114,0.16863,0.8263,0.000622173,0.000622173,0.000622173
148,188.507,0.31253,0.21464,0.85131,0.99874,1,0.995,0.95598,0.31315,0.17425,0.8207,0.000616647,0.000616647,0.000616647
149,189.746,0.31424,0.21719,0.8485,0.99841,1,0.995,0.96469,0.29322,0.17044,0.8214,0.000611121,0.000611121,0.000611121
150,191.097,0.31463,0.21591,0.85641,0.99822,1,0.995,0.95748,0.29615,0.16443,0.82393,0.000605595,0.000605595,0.000605595
151,192.324,0.30094,0.20884,0.84445,0.99799,1,0.995,0.95695,0.30454,0.16678,0.82696,0.000600068,0.000600068,0.000600068
152,193.56,0.29645,0.20656,0.84358,0.99787,1,0.995,0.95868,0.29573,0.16584,0.82376,0.000594542,0.000594542,0.000594542
153,194.794,0.31732,0.21159,0.85322,0.9984,1,0.995,0.95969,0.28863,0.16906,0.81999,0.000589016,0.000589016,0.000589016
154,196.031,0.31016,0.21091,0.85086,0.99805,1,0.995,0.9598,0.29337,0.17399,0.82056,0.00058349,0.00058349,0.00058349
155,197.32,0.30642,0.2118,0.84841,0.99815,1,0.995,0.96014,0.29242,0.16292,0.82361,0.000577964,0.000577964,0.000577964
156,198.593,0.2932,0.20271,0.84368,0.99765,1,0.995,0.95886,0.30553,0.16511,0.82402,0.000572437,0.000572437,0.000572437
157,199.862,0.29075,0.20405,0.83994,0.99741,1,0.995,0.95547,0.35146,0.17641,0.83986,0.000566911,0.000566911,0.000566911
158,201.122,0.30846,0.20307,0.85654,0.99824,1,0.995,0.96215,0.32407,0.16287,0.82848,0.000561385,0.000561385,0.000561385
159,202.398,0.29579,0.20139,0.8477,0.99813,1,0.995,0.95568,0.30366,0.16364,0.8216,0.000555859,0.000555859,0.000555859
160,203.746,0.30183,0.20719,0.84542,0.99743,1,0.995,0.95657,0.33311,0.17029,0.83675,0.000550332,0.000550332,0.000550332
161,204.986,0.28093,0.19896,0.8404,0.99786,1,0.995,0.95907,0.35047,0.17036,0.84244,0.000544806,0.000544806,0.000544806
162,206.226,0.29506,0.20194,0.84057,0.99802,1,0.995,0.95785,0.32426,0.16528,0.82917,0.00053928,0.00053928,0.00053928
163,207.451,0.28967,0.20111,0.83635,0.998,1,0.995,0.96081,0.29578,0.15797,0.82219,0.000533754,0.000533754,0.000533754
164,208.694,0.29639,0.20166,0.84021,0.99777,1,0.995,0.96317,0.30104,0.15612,0.82524,0.000528228,0.000528228,0.000528228
165,209.926,0.30586,0.20689,0.84089,0.99803,1,0.995,0.95882,0.31127,0.16105,0.8283,0.000522701,0.000522701,0.000522701
166,211.162,0.29383,0.20251,0.8474,0.99874,1,0.995,0.95723,0.30098,0.16083,0.82245,0.000517175,0.000517175,0.000517175
167,212.422,0.28199,0.20033,0.83901,0.99815,1,0.995,0.95824,0.31111,0.16362,0.82679,0.000511649,0.000511649,0.000511649
168,213.696,0.28775,0.202,0.83367,0.9979,1,0.995,0.96225,0.30108,0.15912,0.8282,0.000506123,0.000506123,0.000506123
169,215.043,0.29363,0.20426,0.83184,0.99813,1,0.995,0.96583,0.30396,0.16303,0.82866,0.000500597,0.000500597,0.000500597
170,216.302,0.28282,0.1984,0.83888,0.99812,1,0.995,0.96025,0.30304,0.1655,0.82895,0.00049507,0.00049507,0.00049507
171,217.554,0.30038,0.20316,0.84132,0.9979,1,0.995,0.96003,0.29419,0.15871,0.82312,0.000489544,0.000489544,0.000489544
172,218.896,0.29772,0.19574,0.84587,0.99778,1,0.995,0.95639,0.32454,0.15959,0.83713,0.000484018,0.000484018,0.000484018
173,220.134,0.30326,0.20358,0.84394,0.99789,1,0.995,0.95691,0.32978,0.16257,0.84322,0.000478492,0.000478492,0.000478492
174,221.381,0.30195,0.19801,0.84472,0.99786,1,0.995,0.9581,0.29421,0.15397,0.82547,0.000472966,0.000472966,0.000472966
175,222.63,0.29098,0.19764,0.84265,0.99811,1,0.995,0.95801,0.2911,0.15288,0.82888,0.000467439,0.000467439,0.000467439
176,223.896,0.3174,0.20435,0.84934,0.99798,1,0.995,0.96117,0.30428,0.16424,0.82997,0.000461913,0.000461913,0.000461913
177,225.212,0.30714,0.20134,0.84121,0.99784,1,0.995,0.9607,0.30996,0.15784,0.8328,0.000456387,0.000456387,0.000456387
178,226.494,0.29733,0.20087,0.83402,0.99781,1,0.995,0.95366,0.32679,0.16007,0.8401,0.000450861,0.000450861,0.000450861
179,227.848,0.30486,0.19869,0.85187,0.99855,1,0.995,0.95607,0.29859,0.15119,0.8291,0.000445334,0.000445334,0.000445334
180,229.088,0.28971,0.19391,0.8385,0.99869,1,0.995,0.95378,0.32196,0.15812,0.83991,0.000439808,0.000439808,0.000439808
181,230.344,0.26647,0.18452,0.83836,0.9985,1,0.995,0.95675,0.31241,0.14768,0.83551,0.000434282,0.000434282,0.000434282
182,231.607,0.28461,0.1897,0.83779,0.99832,1,0.995,0.95915,0.31541,0.15693,0.83457,0.000428756,0.000428756,0.000428756
183,232.831,0.27391,0.19093,0.83902,0.99916,1,0.995,0.95756,0.31053,0.15495,0.83078,0.00042323,0.00042323,0.00042323
184,234.084,0.26828,0.18445,0.83453,0.99883,1,0.995,0.96285,0.29133,0.14996,0.82195,0.000417703,0.000417703,0.000417703
185,235.44,0.28872,0.19211,0.84317,0.9981,1,0.995,0.95767,0.31143,0.16927,0.8232,0.000412177,0.000412177,0.000412177
186,236.682,0.28756,0.19577,0.84311,0.99857,1,0.995,0.95864,0.31292,0.16591,0.82821,0.000406651,0.000406651,0.000406651
187,237.913,0.27551,0.18995,0.83359,0.99867,1,0.995,0.96382,0.28384,0.15657,0.82134,0.000401125,0.000401125,0.000401125
188,239.185,0.29268,0.19616,0.84293,0.99812,1,0.995,0.96721,0.27779,0.14867,0.82129,0.000395599,0.000395599,0.000395599
189,240.531,0.28666,0.19661,0.83919,0.99759,1,0.995,0.96333,0.30148,0.15289,0.83245,0.000390072,0.000390072,0.000390072
190,241.8,0.28434,0.19417,0.83897,0.9988,1,0.995,0.96226,0.30524,0.15523,0.8299,0.000384546,0.000384546,0.000384546
191,243.061,0.27001,0.18525,0.83578,1,1,0.995,0.96142,0.30519,0.15953,0.83446,0.00037902,0.00037902,0.00037902
192,244.306,0.27514,0.18725,0.84394,0.99876,1,0.995,0.95861,0.30262,0.15415,0.83705,0.000373494,0.000373494,0.000373494
193,245.533,0.26678,0.1829,0.83954,0.99878,1,0.995,0.95577,0.30585,0.15658,0.83156,0.000367967,0.000367967,0.000367967
194,246.777,0.26996,0.18368,0.83453,0.99823,1,0.995,0.95027,0.31771,0.15456,0.83619,0.000362441,0.000362441,0.000362441
195,248.038,0.28021,0.18801,0.84523,0.998,1,0.995,0.95268,0.29602,0.15256,0.82482,0.000356915,0.000356915,0.000356915
196,249.277,0.27514,0.1874,0.8334,0.99804,1,0.995,0.96055,0.28978,0.14994,0.81854,0.000351389,0.000351389,0.000351389
197,250.639,0.26547,0.18504,0.84174,0.99791,1,0.995,0.96057,0.30863,0.15654,0.83062,0.000345863,0.000345863,0.000345863
198,251.878,0.26953,0.18154,0.83535,0.99788,1,0.995,0.95658,0.30024,0.15697,0.83088,0.000340336,0.000340336,0.000340336
199,253.21,0.27161,0.18424,0.83414,0.99922,1,0.995,0.96122,0.30508,0.1471,0.82996,0.00033481,0.00033481,0.00033481
200,254.454,0.28048,0.18887,0.83718,0.99805,1,0.995,0.96745,0.29202,0.14594,0.82539,0.000329284,0.000329284,0.000329284
201,255.697,0.2672,0.18648,0.82937,0.99805,1,0.995,0.956,0.30729,0.15018,0.83257,0.000323758,0.000323758,0.000323758
202,256.944,0.27108,0.1848,0.83904,0.99838,1,0.995,0.95903,0.29882,0.14902,0.83136,0.000318232,0.000318232,0.000318232
203,258.169,0.26416,0.17973,0.83064,0.99827,1,0.995,0.95924,0.30877,0.15442,0.83775,0.000312705,0.000312705,0.000312705
204,259.421,0.25551,0.17993,0.82774,0.99803,1,0.995,0.9594,0.30088,0.14854,0.83045,0.000307179,0.000307179,0.000307179
205,260.646,0.26455,0.17822,0.82917,0.99831,1,0.995,0.96324,0.29761,0.14676,0.82689,0.000301653,0.000301653,0.000301653
206,261.937,0.25187,0.17436,0.83475,0.9978,1,0.995,0.96043,0.30359,0.1489,0.83302,0.000296127,0.000296127,0.000296127
207,263.173,0.26633,0.18113,0.83758,0.99771,1,0.995,0.95499,0.33511,0.1557,0.84217,0.000290601,0.000290601,0.000290601
208,264.488,0.26076,0.17943,0.83223,0.99796,1,0.995,0.95752,0.31616,0.15014,0.83366,0.000285074,0.000285074,0.000285074
209,265.837,0.27075,0.18234,0.83692,0.99886,1,0.995,0.96111,0.30746,0.15302,0.82955,0.000279548,0.000279548,0.000279548
210,267.165,0.24778,0.17396,0.81874,0.9989,1,0.995,0.96049,0.30775,0.14928,0.83413,0.000274022,0.000274022,0.000274022
211,268.398,0.25226,0.17521,0.82944,0.99882,1,0.995,0.95848,0.30946,0.1529,0.83562,0.000268496,0.000268496,0.000268496
212,269.669,0.24739,0.1748,0.82997,0.99877,1,0.995,0.95583,0.31965,0.15408,0.83533,0.000262969,0.000262969,0.000262969
213,270.904,0.25818,0.17465,0.84268,0.99832,1,0.995,0.9598,0.31722,0.15218,0.84001,0.000257443,0.000257443,0.000257443
214,272.207,0.26673,0.17889,0.83837,0.99865,1,0.995,0.95589,0.3291,0.1539,0.85029,0.000251917,0.000251917,0.000251917
215,273.445,0.25707,0.17288,0.8308,0.99757,1,0.995,0.9562,0.31033,0.14623,0.83605,0.000246391,0.000246391,0.000246391
216,274.699,0.25704,0.17309,0.83318,0.99836,1,0.995,0.95865,0.30879,0.14666,0.82989,0.000240865,0.000240865,0.000240865
217,275.953,0.25213,0.17127,0.8283,0.99856,1,0.995,0.95825,0.29767,0.14289,0.82355,0.000235338,0.000235338,0.000235338
218,277.198,0.25033,0.17144,0.82643,0.99821,1,0.995,0.95933,0.30473,0.14593,0.83111,0.000229812,0.000229812,0.000229812
219,278.536,0.25034,0.17109,0.83017,0.998,1,0.995,0.96097,0.29386,0.14571,0.82716,0.000224286,0.000224286,0.000224286
220,279.779,0.25933,0.17326,0.83049,0.99816,1,0.995,0.95755,0.30244,0.14678,0.83089,0.00021876,0.00021876,0.00021876
221,281.022,0.26021,0.1755,0.82586,0.99795,1,0.995,0.95033,0.32101,0.14838,0.85212,0.000213234,0.000213234,0.000213234
222,282.268,0.25378,0.17449,0.82771,0.99783,1,0.995,0.95472,0.31292,0.14755,0.84179,0.000207707,0.000207707,0.000207707
223,283.496,0.26055,0.17735,0.83432,0.99785,1,0.995,0.95659,0.30546,0.14592,0.83364,0.000202181,0.000202181,0.000202181
224,284.739,0.26333,0.17644,0.83523,0.99796,1,0.995,0.95409,0.30861,0.14737,0.83389,0.000196655,0.000196655,0.000196655
225,286.025,0.24148,0.16995,0.83056,0.99817,1,0.995,0.95811,0.29561,0.14436,0.8264,0.000191129,0.000191129,0.000191129
226,287.333,0.24563,0.16993,0.83406,0.99804,1,0.995,0.95284,0.30896,0.14843,0.83085,0.000185603,0.000185603,0.000185603
227,288.61,0.24382,0.16938,0.83044,0.99793,1,0.995,0.95074,0.30648,0.1477,0.83504,0.000180076,0.000180076,0.000180076
228,289.987,0.24028,0.1643,0.82677,0.99886,1,0.995,0.95739,0.29629,0.14281,0.83243,0.00017455,0.00017455,0.00017455
229,291.219,0.24685,0.16922,0.83441,0.99891,1,0.995,0.96053,0.29759,0.14147,0.83316,0.000169024,0.000169024,0.000169024
230,292.472,0.24689,0.17006,0.82915,0.99879,1,0.995,0.95814,0.28985,0.14101,0.82682,0.000163498,0.000163498,0.000163498
231,293.744,0.23371,0.16416,0.82027,0.99894,1,0.995,0.95958,0.29026,0.14452,0.82745,0.000157971,0.000157971,0.000157971
232,294.975,0.24625,0.16925,0.83594,0.99815,1,0.995,0.96012,0.28195,0.14344,0.82404,0.000152445,0.000152445,0.000152445
233,296.297,0.24384,0.16649,0.82469,0.99809,1,0.995,0.95867,0.28537,0.13791,0.82616,0.000146919,0.000146919,0.000146919
234,297.538,0.23455,0.16514,0.82215,0.99802,1,0.995,0.95828,0.30445,0.14431,0.82988,0.000141393,0.000141393,0.000141393
235,298.786,0.2413,0.16531,0.82479,0.99802,1,0.995,0.95782,0.29184,0.13748,0.82852,0.000135867,0.000135867,0.000135867
236,300.039,0.23239,0.1619,0.81865,0.99803,1,0.995,0.95666,0.30043,0.13884,0.83487,0.00013034,0.00013034,0.00013034
237,301.372,0.24264,0.16636,0.82526,0.99806,1,0.995,0.95727,0.3062,0.13778,0.83609,0.000124814,0.000124814,0.000124814
238,302.622,0.23696,0.16275,0.83142,0.99805,1,0.995,0.95884,0.31828,0.14572,0.83999,0.000119288,0.000119288,0.000119288
239,303.845,0.24176,0.1644,0.83204,0.99798,1,0.995,0.95488,0.33272,0.14288,0.8485,0.000113762,0.000113762,0.000113762
240,305.12,0.24064,0.16258,0.83204,0.998,1,0.995,0.95417,0.32366,0.14339,0.84419,0.000108236,0.000108236,0.000108236
241,306.418,0.23122,0.16053,0.83066,0.99812,1,0.995,0.95712,0.31035,0.14274,0.83521,0.000102709,0.000102709,0.000102709
242,307.732,0.21775,0.15596,0.82083,0.99819,1,0.995,0.95649,0.31264,0.14565,0.83425,9.71832e-05,9.71832e-05,9.71832e-05
243,308.954,0.23271,0.15956,0.82159,0.99822,1,0.995,0.95705,0.30328,0.13958,0.8323,9.1657e-05,9.1657e-05,9.1657e-05
244,310.206,0.2211,0.15861,0.81258,0.99823,1,0.995,0.95769,0.30331,0.13967,0.83304,8.61307e-05,8.61307e-05,8.61307e-05
245,311.522,0.22965,0.15933,0.82637,0.99883,1,0.995,0.95662,0.30432,0.14123,0.83466,8.06045e-05,8.06045e-05,8.06045e-05
246,312.795,0.22513,0.15901,0.82247,0.99894,1,0.995,0.95524,0.30164,0.14234,0.83397,7.50783e-05,7.50783e-05,7.50783e-05
247,315.138,0.20587,0.13605,0.79715,0.9982,1,0.995,0.95515,0.30233,0.14079,0.83323,6.95521e-05,6.95521e-05,6.95521e-05
248,316.398,0.20074,0.13096,0.79274,0.99826,1,0.995,0.9565,0.29654,0.14031,0.83095,6.40259e-05,6.40259e-05,6.40259e-05
249,317.65,0.1946,0.13223,0.7904,0.99811,1,0.995,0.9557,0.30139,0.14105,0.8318,5.84997e-05,5.84997e-05,5.84997e-05
250,318.893,0.19512,0.13545,0.78792,0.99818,1,0.995,0.95279,0.32239,0.14579,0.84064,5.29735e-05,5.29735e-05,5.29735e-05
251,320.114,0.19183,0.1285,0.78918,0.99811,1,0.995,0.95144,0.31487,0.14456,0.84037,4.74473e-05,4.74473e-05,4.74473e-05
252,321.345,0.18725,0.12801,0.78692,0.9982,1,0.995,0.95504,0.30217,0.14085,0.83732,4.19211e-05,4.19211e-05,4.19211e-05
253,322.569,0.1921,0.12847,0.78875,0.99824,1,0.995,0.95602,0.30257,0.13912,0.83735,3.63948e-05,3.63948e-05,3.63948e-05
254,323.798,0.18877,0.12804,0.78848,0.99823,1,0.995,0.95254,0.30492,0.13985,0.83677,3.08686e-05,3.08686e-05,3.08686e-05
255,325.011,0.18519,0.12555,0.78875,0.99824,1,0.995,0.9529,0.30672,0.14294,0.83679,2.53424e-05,2.53424e-05,2.53424e-05
256,326.245,0.19443,0.12582,0.79717,0.99823,1,0.995,0.95305,0.30746,0.14234,0.83705,1.98162e-05,1.98162e-05,1.98162e-05
